CUI_1,Nombre_1,Apellido_1,Email_1,Genero_1
208181717,Boote,Pina,bpina24@npr.org,Male
208181717,Boote,Pina,bpina24@npr.org,Male
270162925,Giordano,Rimington,grimingtonb@tmall.com,Female
270162925,Giordano,Rimington,grimingtonb@tmall.com,Female
270162925,Giordano,Rimington,grimingtonb@tmall.com,Female
270162925,Giordano,Rimington,grimingtonb@tmall.com,Female
270162925,Giordano,Rimington,grimingtonb@tmall.com,Female
270162925,Giordano,Rimington,grimingtonb@tmall.com,Female
270162925,Giordano,Rimington,grimingtonb@tmall.com,Female
270162925,Giordano,Rimington,grimingtonb@tmall.com,Female
270162925,Giordano,Rimington,grimingtonb@tmall.com,Female
440057779,Colas,Feek,cfeek2a@cocolog-nifty.com,Male
440057779,Colas,Feek,cfeek2a@cocolog-nifty.com,Male
440057779,Colas,Feek,cfeek2a@cocolog-nifty.com,Male
440057779,Colas,Feek,cfeek2a@cocolog-nifty.com,Male
440057779,Colas,Feek,cfeek2a@cocolog-nifty.com,Male
440057779,Colas,Feek,cfeek2a@cocolog-nifty.com,Male
440057779,Colas,Feek,cfeek2a@cocolog-nifty.com,Male
445543914,Kit,Tottman,ktottmany@domainmarket.com,Male
677914504,Joellen,Rickell,jrickell20@artisteer.com,Female
677914504,Joellen,Rickell,jrickell20@artisteer.com,Female
930849132,Bobbette,Dutton,bdutton6@hao123.com,Female
930849132,Bobbette,Dutton,bdutton6@hao123.com,Female
930849132,Bobbette,Dutton,bdutton6@hao123.com,Female
930849132,Bobbette,Dutton,bdutton6@hao123.com,Female
930849132,Bobbette,Dutton,bdutton6@hao123.com,Female
930849132,Bobbette,Dutton,bdutton6@hao123.com,Female
1187255777,Abigale,Crann,acrann1g@cafepress.com,Male
1187255777,Abigale,Crann,acrann1g@cafepress.com,Male
1187255777,Abigale,Crann,acrann1g@cafepress.com,Male
1187255777,Abigale,Crann,acrann1g@cafepress.com,Male
1432225464,Chrissy,Fells,cfells17@eventbrite.com,Female
1432225464,Chrissy,Fells,cfells17@eventbrite.com,Female
1485345081,Javier,Theodore,jtheodore1b@nsw.gov.au,Female
1485345081,Javier,Theodore,jtheodore1b@nsw.gov.au,Female
1485345081,Javier,Theodore,jtheodore1b@nsw.gov.au,Female
1485345081,Javier,Theodore,jtheodore1b@nsw.gov.au,Female
1485345081,Javier,Theodore,jtheodore1b@nsw.gov.au,Female
1485345081,Javier,Theodore,jtheodore1b@nsw.gov.au,Female
1485345081,Javier,Theodore,jtheodore1b@nsw.gov.au,Female
1485345081,Javier,Theodore,jtheodore1b@nsw.gov.au,Female
1581008589,Caryn,Kirkham,ckirkhamf@instagram.com,Female
1581008589,Caryn,Kirkham,ckirkhamf@instagram.com,Female
1581008589,Caryn,Kirkham,ckirkhamf@instagram.com,Female
1653130695,Horatia,Brumpton,hbrumpton1k@engadget.com,Female
1653130695,Horatia,Brumpton,hbrumpton1k@engadget.com,Female
1653130695,Horatia,Brumpton,hbrumpton1k@engadget.com,Female
1653130695,Horatia,Brumpton,hbrumpton1k@engadget.com,Female
1653130695,Horatia,Brumpton,hbrumpton1k@engadget.com,Female
1653130695,Horatia,Brumpton,hbrumpton1k@engadget.com,Female
1653130695,Horatia,Brumpton,hbrumpton1k@engadget.com,Female
1653130695,Horatia,Brumpton,hbrumpton1k@engadget.com,Female
1653130695,Horatia,Brumpton,hbrumpton1k@engadget.com,Female
1653130695,Horatia,Brumpton,hbrumpton1k@engadget.com,Female
1653130695,Horatia,Brumpton,hbrumpton1k@engadget.com,Female
1653130695,Horatia,Brumpton,hbrumpton1k@engadget.com,Female
1653130695,Horatia,Brumpton,hbrumpton1k@engadget.com,Female
1653130695,Horatia,Brumpton,hbrumpton1k@engadget.com,Female
1653130695,Horatia,Brumpton,hbrumpton1k@engadget.com,Female
1653130695,Horatia,Brumpton,hbrumpton1k@engadget.com,Female
1653130695,Horatia,Brumpton,hbrumpton1k@engadget.com,Female
1805028979,Arleta,Umbert,aumbert13@lulu.com,Male
1805028979,Arleta,Umbert,aumbert13@lulu.com,Male
1805028979,Arleta,Umbert,aumbert13@lulu.com,Male
1805028979,Arleta,Umbert,aumbert13@lulu.com,Male
1805028979,Arleta,Umbert,aumbert13@lulu.com,Male
1805028979,Arleta,Umbert,aumbert13@lulu.com,Male
1805028979,Arleta,Umbert,aumbert13@lulu.com,Male
1805028979,Arleta,Umbert,aumbert13@lulu.com,Male
1805028979,Arleta,Umbert,aumbert13@lulu.com,Male
1805028979,Arleta,Umbert,aumbert13@lulu.com,Male
1833280679,Morly,Pundy,mpundyw@woothemes.com,Male
1909436437,Hali,Peebles,hpeebles12@gizmodo.com,Male
1909436437,Hali,Peebles,hpeebles12@gizmodo.com,Male
1909436437,Hali,Peebles,hpeebles12@gizmodo.com,Male
1909436437,Hali,Peebles,hpeebles12@gizmodo.com,Male
1909436437,Hali,Peebles,hpeebles12@gizmodo.com,Male
1909436437,Hali,Peebles,hpeebles12@gizmodo.com,Male
1909436437,Hali,Peebles,hpeebles12@gizmodo.com,Male
1909436437,Hali,Peebles,hpeebles12@gizmodo.com,Male
1909436437,Hali,Peebles,hpeebles12@gizmodo.com,Male
1909436437,Hali,Peebles,hpeebles12@gizmodo.com,Male
1909436437,Hali,Peebles,hpeebles12@gizmodo.com,Male
1909436437,Hali,Peebles,hpeebles12@gizmodo.com,Male
1909436437,Hali,Peebles,hpeebles12@gizmodo.com,Male
1909436437,Hali,Peebles,hpeebles12@gizmodo.com,Male
1952883946,Stormy,Mathieu,smathieu1i@dell.com,Male
1952883946,Stormy,Mathieu,smathieu1i@dell.com,Male
1952883946,Stormy,Mathieu,smathieu1i@dell.com,Male
1962610551,Nelia,Hathway,nhathway2f@joomla.org,Female
1962610551,Nelia,Hathway,nhathway2f@joomla.org,Female
1962610551,Nelia,Hathway,nhathway2f@joomla.org,Female
1962610551,Nelia,Hathway,nhathway2f@joomla.org,Female
1962610551,Nelia,Hathway,nhathway2f@joomla.org,Female
1962610551,Nelia,Hathway,nhathway2f@joomla.org,Female
1962610551,Nelia,Hathway,nhathway2f@joomla.org,Female
1962610551,Nelia,Hathway,nhathway2f@joomla.org,Female
1962610551,Nelia,Hathway,nhathway2f@joomla.org,Female
1962610551,Nelia,Hathway,nhathway2f@joomla.org,Female
1962610551,Nelia,Hathway,nhathway2f@joomla.org,Female
1962610551,Nelia,Hathway,nhathway2f@joomla.org,Female
1962610551,Nelia,Hathway,nhathway2f@joomla.org,Female
1962610551,Nelia,Hathway,nhathway2f@joomla.org,Female
1976810418,Ty,Kittow,tkittowm@mapquest.com,Female
1976810418,Ty,Kittow,tkittowm@mapquest.com,Female
1976810418,Ty,Kittow,tkittowm@mapquest.com,Female
1976810418,Ty,Kittow,tkittowm@mapquest.com,Female
1976810418,Ty,Kittow,tkittowm@mapquest.com,Female
1976810418,Ty,Kittow,tkittowm@mapquest.com,Female
1976810418,Ty,Kittow,tkittowm@mapquest.com,Female
2286509069,Devin,Sheere,dsheere23@bluehost.com,Female
2286509069,Devin,Sheere,dsheere23@bluehost.com,Female
2286509069,Devin,Sheere,dsheere23@bluehost.com,Female
2286509069,Devin,Sheere,dsheere23@bluehost.com,Female
2286509069,Devin,Sheere,dsheere23@bluehost.com,Female
2286509069,Devin,Sheere,dsheere23@bluehost.com,Female
2293083373,Ddene,Tant,dtant4@symantec.com,Male
2293083373,Ddene,Tant,dtant4@symantec.com,Male
2293083373,Ddene,Tant,dtant4@symantec.com,Male
2293083373,Ddene,Tant,dtant4@symantec.com,Male
2293547442,Manuel,Gouldstone,mgouldstonen@jimdo.com,Female
2293547442,Manuel,Gouldstone,mgouldstonen@jimdo.com,Female
2293547442,Manuel,Gouldstone,mgouldstonen@jimdo.com,Female
2293547442,Manuel,Gouldstone,mgouldstonen@jimdo.com,Female
2293547442,Manuel,Gouldstone,mgouldstonen@jimdo.com,Female
2293547442,Manuel,Gouldstone,mgouldstonen@jimdo.com,Female
2293547442,Manuel,Gouldstone,mgouldstonen@jimdo.com,Female
2320648240,Jeanie,Badman,jbadmanu@toplist.cz,Male
2320648240,Jeanie,Badman,jbadmanu@toplist.cz,Male
2320648240,Jeanie,Badman,jbadmanu@toplist.cz,Male
2320648240,Jeanie,Badman,jbadmanu@toplist.cz,Male
2320648240,Jeanie,Badman,jbadmanu@toplist.cz,Male
2320648240,Jeanie,Badman,jbadmanu@toplist.cz,Male
2320648240,Jeanie,Badman,jbadmanu@toplist.cz,Male
2320648240,Jeanie,Badman,jbadmanu@toplist.cz,Male
2320648240,Jeanie,Badman,jbadmanu@toplist.cz,Male
2320648240,Jeanie,Badman,jbadmanu@toplist.cz,Male
2320648240,Jeanie,Badman,jbadmanu@toplist.cz,Male
2344960856,Alfie,Castellaccio,acastellaccio1c@wsj.com,Female
2344960856,Alfie,Castellaccio,acastellaccio1c@wsj.com,Female
2344960856,Alfie,Castellaccio,acastellaccio1c@wsj.com,Female
2344960856,Alfie,Castellaccio,acastellaccio1c@wsj.com,Female
2344960856,Alfie,Castellaccio,acastellaccio1c@wsj.com,Female
2344960856,Alfie,Castellaccio,acastellaccio1c@wsj.com,Female
2344960856,Alfie,Castellaccio,acastellaccio1c@wsj.com,Female
2344960856,Alfie,Castellaccio,acastellaccio1c@wsj.com,Female
2344960856,Alfie,Castellaccio,acastellaccio1c@wsj.com,Female
2344960856,Alfie,Castellaccio,acastellaccio1c@wsj.com,Female
2344960856,Alfie,Castellaccio,acastellaccio1c@wsj.com,Female
2344960856,Alfie,Castellaccio,acastellaccio1c@wsj.com,Female
2344960856,Alfie,Castellaccio,acastellaccio1c@wsj.com,Female
2344960856,Alfie,Castellaccio,acastellaccio1c@wsj.com,Female
2344960856,Alfie,Castellaccio,acastellaccio1c@wsj.com,Female
2344960856,Alfie,Castellaccio,acastellaccio1c@wsj.com,Female
2354138652,Vonny,Westall,vwestall2q@nps.gov,Female
2354138652,Vonny,Westall,vwestall2q@nps.gov,Female
2354138652,Vonny,Westall,vwestall2q@nps.gov,Female
2354138652,Vonny,Westall,vwestall2q@nps.gov,Female
2354138652,Vonny,Westall,vwestall2q@nps.gov,Female
2354138652,Vonny,Westall,vwestall2q@nps.gov,Female
2720935689,Daffy,Marages,dmarages8@360.cn,Male
2720935689,Daffy,Marages,dmarages8@360.cn,Male
2720935689,Daffy,Marages,dmarages8@360.cn,Male
2720935689,Daffy,Marages,dmarages8@360.cn,Male
2720935689,Daffy,Marages,dmarages8@360.cn,Male
2843482992,Leonelle,Copp,lcopp1m@yandex.ru,Male
2843482992,Leonelle,Copp,lcopp1m@yandex.ru,Male
2897073799,Riva,Gaven,rgaven9@live.com,Female
2897073799,Riva,Gaven,rgaven9@live.com,Female
2897073799,Riva,Gaven,rgaven9@live.com,Female
2897073799,Riva,Gaven,rgaven9@live.com,Female
2897073799,Riva,Gaven,rgaven9@live.com,Female
2897073799,Riva,Gaven,rgaven9@live.com,Female
2897073799,Riva,Gaven,rgaven9@live.com,Female
2897073799,Riva,Gaven,rgaven9@live.com,Female
2897073799,Riva,Gaven,rgaven9@live.com,Female
3070506224,Hieronymus,Penn,hpenn2m@aboutads.info,Male
3070506224,Hieronymus,Penn,hpenn2m@aboutads.info,Male
3070506224,Hieronymus,Penn,hpenn2m@aboutads.info,Male
3070506224,Hieronymus,Penn,hpenn2m@aboutads.info,Male
3179095431,Inga,Cromleholme,icromleholmet@artisteer.com,Female
3179095431,Inga,Cromleholme,icromleholmet@artisteer.com,Female
3179095431,Inga,Cromleholme,icromleholmet@artisteer.com,Female
3179095431,Inga,Cromleholme,icromleholmet@artisteer.com,Female
3179095431,Inga,Cromleholme,icromleholmet@artisteer.com,Female
3179095431,Inga,Cromleholme,icromleholmet@artisteer.com,Female
3179095431,Inga,Cromleholme,icromleholmet@artisteer.com,Female
3179095431,Inga,Cromleholme,icromleholmet@artisteer.com,Female
3179095431,Inga,Cromleholme,icromleholmet@artisteer.com,Female
3199681735,Jeanne,Ciottoi,jciottoi18@un.org,Female
3199681735,Jeanne,Ciottoi,jciottoi18@un.org,Female
3278286464,Ulla,Balloch,uballoch29@booking.com,Female
3278286464,Ulla,Balloch,uballoch29@booking.com,Female
3334586502,Collie,Leatherland,cleatherland1r@shareasale.com,Male
3334586502,Collie,Leatherland,cleatherland1r@shareasale.com,Male
3334586502,Collie,Leatherland,cleatherland1r@shareasale.com,Male
3334586502,Collie,Leatherland,cleatherland1r@shareasale.com,Male
3334586502,Collie,Leatherland,cleatherland1r@shareasale.com,Male
3334586502,Collie,Leatherland,cleatherland1r@shareasale.com,Male
3334586502,Collie,Leatherland,cleatherland1r@shareasale.com,Male
3334586502,Collie,Leatherland,cleatherland1r@shareasale.com,Male
3334586502,Collie,Leatherland,cleatherland1r@shareasale.com,Male
3345353652,Vassili,Drowsfield,vdrowsfield2k@devhub.com,Male
3345353652,Vassili,Drowsfield,vdrowsfield2k@devhub.com,Male
3345353652,Vassili,Drowsfield,vdrowsfield2k@devhub.com,Male
3345353652,Vassili,Drowsfield,vdrowsfield2k@devhub.com,Male
3345353652,Vassili,Drowsfield,vdrowsfield2k@devhub.com,Male
3345353652,Vassili,Drowsfield,vdrowsfield2k@devhub.com,Male
3345353652,Vassili,Drowsfield,vdrowsfield2k@devhub.com,Male
3345353652,Vassili,Drowsfield,vdrowsfield2k@devhub.com,Male
3418211453,Ardys,Cave,acave2e@unblog.fr,Male
3418211453,Ardys,Cave,acave2e@unblog.fr,Male
3601075148,Willie,Brahan,wbrahane@symantec.com,Female
3601075148,Willie,Brahan,wbrahane@symantec.com,Female
3601075148,Willie,Brahan,wbrahane@symantec.com,Female
3601075148,Willie,Brahan,wbrahane@symantec.com,Female
3601075148,Willie,Brahan,wbrahane@symantec.com,Female
3601075148,Willie,Brahan,wbrahane@symantec.com,Female
3601075148,Willie,Brahan,wbrahane@symantec.com,Female
3601075148,Willie,Brahan,wbrahane@symantec.com,Female
3601075148,Willie,Brahan,wbrahane@symantec.com,Female
3601075148,Willie,Brahan,wbrahane@symantec.com,Female
3601075148,Willie,Brahan,wbrahane@symantec.com,Female
3693967563,Raff,Meah,rmeah27@washingtonpost.com,Male
3693967563,Raff,Meah,rmeah27@washingtonpost.com,Male
3693967563,Raff,Meah,rmeah27@washingtonpost.com,Male
3693967563,Raff,Meah,rmeah27@washingtonpost.com,Male
3693967563,Raff,Meah,rmeah27@washingtonpost.com,Male
3808552263,Reinwald,Raphael,rraphaelr@jiathis.com,Male
3808552263,Reinwald,Raphael,rraphaelr@jiathis.com,Male
3808552263,Reinwald,Raphael,rraphaelr@jiathis.com,Male
3808552263,Reinwald,Raphael,rraphaelr@jiathis.com,Male
3888897025,Tripp,Ingree,tingree1e@google.com.hk,Male
3888897025,Tripp,Ingree,tingree1e@google.com.hk,Male
3888897025,Tripp,Ingree,tingree1e@google.com.hk,Male
3888897025,Tripp,Ingree,tingree1e@google.com.hk,Male
3888897025,Tripp,Ingree,tingree1e@google.com.hk,Male
3888897025,Tripp,Ingree,tingree1e@google.com.hk,Male
3899636643,Maressa,Delgadillo,mdelgadillo1t@ihg.com,Female
3899636643,Maressa,Delgadillo,mdelgadillo1t@ihg.com,Female
3899636643,Maressa,Delgadillo,mdelgadillo1t@ihg.com,Female
4113842388,Arron,Dalziel,adalziel2g@narod.ru,Female
4113842388,Arron,Dalziel,adalziel2g@narod.ru,Female
4113842388,Arron,Dalziel,adalziel2g@narod.ru,Female
4113842388,Arron,Dalziel,adalziel2g@narod.ru,Female
4113842388,Arron,Dalziel,adalziel2g@narod.ru,Female
4243293546,Dale,Goslin,dgoslin26@redcross.org,Male
4243293546,Dale,Goslin,dgoslin26@redcross.org,Male
4243293546,Dale,Goslin,dgoslin26@redcross.org,Male
4243293546,Dale,Goslin,dgoslin26@redcross.org,Male
4243293546,Dale,Goslin,dgoslin26@redcross.org,Male
4243293546,Dale,Goslin,dgoslin26@redcross.org,Male
4348903484,Donielle,Duckham,dduckhamg@baidu.com,Female
4348903484,Donielle,Duckham,dduckhamg@baidu.com,Female
4380702766,Antonetta,Bowler,abowlerv@cmu.edu,Male
4380702766,Antonetta,Bowler,abowlerv@cmu.edu,Male
4380702766,Antonetta,Bowler,abowlerv@cmu.edu,Male
4380702766,Antonetta,Bowler,abowlerv@cmu.edu,Male
4380702766,Antonetta,Bowler,abowlerv@cmu.edu,Male
4380702766,Antonetta,Bowler,abowlerv@cmu.edu,Male
4380702766,Antonetta,Bowler,abowlerv@cmu.edu,Male
4380702766,Antonetta,Bowler,abowlerv@cmu.edu,Male
4464029000,Sascha,Kennedy,skennedyc@cam.ac.uk,Male
4464029000,Sascha,Kennedy,skennedyc@cam.ac.uk,Male
4464029000,Sascha,Kennedy,skennedyc@cam.ac.uk,Male
4464029000,Sascha,Kennedy,skennedyc@cam.ac.uk,Male
4464029000,Sascha,Kennedy,skennedyc@cam.ac.uk,Male
4464029000,Sascha,Kennedy,skennedyc@cam.ac.uk,Male
4464029000,Sascha,Kennedy,skennedyc@cam.ac.uk,Male
4474118367,Puff,Huerta,phuerta1x@opensource.org,Female
4474118367,Puff,Huerta,phuerta1x@opensource.org,Female
4474118367,Puff,Huerta,phuerta1x@opensource.org,Female
4640351089,Sax,Stephenson,sstephensonj@cnn.com,Female
4640351089,Sax,Stephenson,sstephensonj@cnn.com,Female
4640351089,Sax,Stephenson,sstephensonj@cnn.com,Female
4640351089,Sax,Stephenson,sstephensonj@cnn.com,Female
4640351089,Sax,Stephenson,sstephensonj@cnn.com,Female
4640351089,Sax,Stephenson,sstephensonj@cnn.com,Female
4640351089,Sax,Stephenson,sstephensonj@cnn.com,Female
4650277515,Willy,Geraldo,wgeraldo2d@ox.ac.uk,Male
4650277515,Willy,Geraldo,wgeraldo2d@ox.ac.uk,Male
5203620156,Henriette,Stag,hstag1l@vimeo.com,Male
5203620156,Henriette,Stag,hstag1l@vimeo.com,Male
5413394497,Zack,Stainton - Skinn,zstaintonskinn2c@plala.or.jp,Female
5413394497,Zack,Stainton - Skinn,zstaintonskinn2c@plala.or.jp,Female
5413394497,Zack,Stainton - Skinn,zstaintonskinn2c@plala.or.jp,Female
5563911438,Corliss,McCord,cmccordx@howstuffworks.com,Male
5563911438,Corliss,McCord,cmccordx@howstuffworks.com,Male
5563911438,Corliss,McCord,cmccordx@howstuffworks.com,Male
5563911438,Corliss,McCord,cmccordx@howstuffworks.com,Male
5618537931,Timmi,Hovie,thovied@imgur.com,Female
5618537931,Timmi,Hovie,thovied@imgur.com,Female
5618537931,Timmi,Hovie,thovied@imgur.com,Female
5618537931,Timmi,Hovie,thovied@imgur.com,Female
5791637586,Locke,Kordas,lkordas7@aboutads.info,Female
5791637586,Locke,Kordas,lkordas7@aboutads.info,Female
5791637586,Locke,Kordas,lkordas7@aboutads.info,Female
5791637586,Locke,Kordas,lkordas7@aboutads.info,Female
5791637586,Locke,Kordas,lkordas7@aboutads.info,Female
5791637586,Locke,Kordas,lkordas7@aboutads.info,Female
5791637586,Locke,Kordas,lkordas7@aboutads.info,Female
5791637586,Locke,Kordas,lkordas7@aboutads.info,Female
5791637586,Locke,Kordas,lkordas7@aboutads.info,Female
5878519224,Paul,Fleming,pflemingz@ft.com,Male
5878519224,Paul,Fleming,pflemingz@ft.com,Male
5878519224,Paul,Fleming,pflemingz@ft.com,Male
5981356200,Gracia,Burchill,gburchilll@baidu.com,Female
5981356200,Gracia,Burchill,gburchilll@baidu.com,Female
5981356200,Gracia,Burchill,gburchilll@baidu.com,Female
5981356200,Gracia,Burchill,gburchilll@baidu.com,Female
6154977174,Elnore,Foy,efoy19@smh.com.au,Male
6154977174,Elnore,Foy,efoy19@smh.com.au,Male
6154977174,Elnore,Foy,efoy19@smh.com.au,Male
6172401947,Janith,Metheringham,jmetheringham15@nytimes.com,Male
6172401947,Janith,Metheringham,jmetheringham15@nytimes.com,Male
6172401947,Janith,Metheringham,jmetheringham15@nytimes.com,Male
6172401947,Janith,Metheringham,jmetheringham15@nytimes.com,Male
6290621491,Ike,Nickels,inickels25@squidoo.com,Male
6290621491,Ike,Nickels,inickels25@squidoo.com,Male
6290621491,Ike,Nickels,inickels25@squidoo.com,Male
6310900986,Dahlia,Greiser,dgreiser1o@icio.us,Female
6310900986,Dahlia,Greiser,dgreiser1o@icio.us,Female
6393106875,Cherry,Youtead,cyoutead1f@washingtonpost.com,Female
6393106875,Cherry,Youtead,cyoutead1f@washingtonpost.com,Female
6393106875,Cherry,Youtead,cyoutead1f@washingtonpost.com,Female
6393106875,Cherry,Youtead,cyoutead1f@washingtonpost.com,Female
6393106875,Cherry,Youtead,cyoutead1f@washingtonpost.com,Female
6393106875,Cherry,Youtead,cyoutead1f@washingtonpost.com,Female
6393106875,Cherry,Youtead,cyoutead1f@washingtonpost.com,Female
6393106875,Cherry,Youtead,cyoutead1f@washingtonpost.com,Female
6393106875,Cherry,Youtead,cyoutead1f@washingtonpost.com,Female
6393106875,Cherry,Youtead,cyoutead1f@washingtonpost.com,Female
6393106875,Cherry,Youtead,cyoutead1f@washingtonpost.com,Female
6456388384,Sunny,Alvin,salvins@hatena.ne.jp,Male
6456388384,Sunny,Alvin,salvins@hatena.ne.jp,Male
6456388384,Sunny,Alvin,salvins@hatena.ne.jp,Male
6456388384,Sunny,Alvin,salvins@hatena.ne.jp,Male
6456388384,Sunny,Alvin,salvins@hatena.ne.jp,Male
6467582497,Deni,Tarn,dtarn1u@cornell.edu,Female
6467582497,Deni,Tarn,dtarn1u@cornell.edu,Female
6467582497,Deni,Tarn,dtarn1u@cornell.edu,Female
6467582497,Deni,Tarn,dtarn1u@cornell.edu,Female
6467582497,Deni,Tarn,dtarn1u@cornell.edu,Female
6467582497,Deni,Tarn,dtarn1u@cornell.edu,Female
6467582497,Deni,Tarn,dtarn1u@cornell.edu,Female
6467582497,Deni,Tarn,dtarn1u@cornell.edu,Female
6467582497,Deni,Tarn,dtarn1u@cornell.edu,Female
6467582497,Deni,Tarn,dtarn1u@cornell.edu,Female
6467582497,Deni,Tarn,dtarn1u@cornell.edu,Female
6467582497,Deni,Tarn,dtarn1u@cornell.edu,Female
6467582497,Deni,Tarn,dtarn1u@cornell.edu,Female
6467582497,Deni,Tarn,dtarn1u@cornell.edu,Female
6467582497,Deni,Tarn,dtarn1u@cornell.edu,Female
6467582497,Deni,Tarn,dtarn1u@cornell.edu,Female
6467582497,Deni,Tarn,dtarn1u@cornell.edu,Female
6467582497,Deni,Tarn,dtarn1u@cornell.edu,Female
6668839878,Tina,De Beauchemp,tdebeauchemp10@senate.gov,Female
6668839878,Tina,De Beauchemp,tdebeauchemp10@senate.gov,Female
6668839878,Tina,De Beauchemp,tdebeauchemp10@senate.gov,Female
6668839878,Tina,De Beauchemp,tdebeauchemp10@senate.gov,Female
6668839878,Tina,De Beauchemp,tdebeauchemp10@senate.gov,Female
6668839878,Tina,De Beauchemp,tdebeauchemp10@senate.gov,Female
6668839878,Tina,De Beauchemp,tdebeauchemp10@senate.gov,Female
6668839878,Tina,De Beauchemp,tdebeauchemp10@senate.gov,Female
6668839878,Tina,De Beauchemp,tdebeauchemp10@senate.gov,Female
6668839878,Tina,De Beauchemp,tdebeauchemp10@senate.gov,Female
6668839878,Tina,De Beauchemp,tdebeauchemp10@senate.gov,Female
6668839878,Tina,De Beauchemp,tdebeauchemp10@senate.gov,Female
6668839878,Tina,De Beauchemp,tdebeauchemp10@senate.gov,Female
6816494733,Maggee,Shergold,mshergold14@hud.gov,Female
6816494733,Maggee,Shergold,mshergold14@hud.gov,Female
6816494733,Maggee,Shergold,mshergold14@hud.gov,Female
6816494733,Maggee,Shergold,mshergold14@hud.gov,Female
6920115220,Morgun,Coots,mcoots11@reuters.com,Female
6920115220,Morgun,Coots,mcoots11@reuters.com,Female
6920115220,Morgun,Coots,mcoots11@reuters.com,Female
6920115220,Morgun,Coots,mcoots11@reuters.com,Female
6920115220,Morgun,Coots,mcoots11@reuters.com,Female
6920115220,Morgun,Coots,mcoots11@reuters.com,Female
6920115220,Morgun,Coots,mcoots11@reuters.com,Female
6920115220,Morgun,Coots,mcoots11@reuters.com,Female
6981272008,Kizzie,Pettman,kpettman1j@weebly.com,Female
6981272008,Kizzie,Pettman,kpettman1j@weebly.com,Female
6981272008,Kizzie,Pettman,kpettman1j@weebly.com,Female
6981272008,Kizzie,Pettman,kpettman1j@weebly.com,Female
6981272008,Kizzie,Pettman,kpettman1j@weebly.com,Female
6981272008,Kizzie,Pettman,kpettman1j@weebly.com,Female
6981272008,Kizzie,Pettman,kpettman1j@weebly.com,Female
6981272008,Kizzie,Pettman,kpettman1j@weebly.com,Female
6981272008,Kizzie,Pettman,kpettman1j@weebly.com,Female
6981272008,Kizzie,Pettman,kpettman1j@weebly.com,Female
6981272008,Kizzie,Pettman,kpettman1j@weebly.com,Female
6981272008,Kizzie,Pettman,kpettman1j@weebly.com,Female
6981272008,Kizzie,Pettman,kpettman1j@weebly.com,Female
6981272008,Kizzie,Pettman,kpettman1j@weebly.com,Female
7154849568,Burgess,Goudy,bgoudy1a@reference.com,Male
7154849568,Burgess,Goudy,bgoudy1a@reference.com,Male
7154849568,Burgess,Goudy,bgoudy1a@reference.com,Male
7154849568,Burgess,Goudy,bgoudy1a@reference.com,Male
7341877243,Esme,Seifenmacher,eseifenmacher1z@free.fr,Female
7341877243,Esme,Seifenmacher,eseifenmacher1z@free.fr,Female
7341877243,Esme,Seifenmacher,eseifenmacher1z@free.fr,Female
7341877243,Esme,Seifenmacher,eseifenmacher1z@free.fr,Female
7341877243,Esme,Seifenmacher,eseifenmacher1z@free.fr,Female
7341877243,Esme,Seifenmacher,eseifenmacher1z@free.fr,Female
7341877243,Esme,Seifenmacher,eseifenmacher1z@free.fr,Female
7361225500,Alexander,Amor,aamor2n@tinyurl.com,Female
7361225500,Alexander,Amor,aamor2n@tinyurl.com,Female
7361225500,Alexander,Amor,aamor2n@tinyurl.com,Female
7361225500,Alexander,Amor,aamor2n@tinyurl.com,Female
7361225500,Alexander,Amor,aamor2n@tinyurl.com,Female
7361225500,Alexander,Amor,aamor2n@tinyurl.com,Female
7422400781,Phaidra,Thornthwaite,pthornthwaitea@reddit.com,Female
7422400781,Phaidra,Thornthwaite,pthornthwaitea@reddit.com,Female
7422400781,Phaidra,Thornthwaite,pthornthwaitea@reddit.com,Female
7422400781,Phaidra,Thornthwaite,pthornthwaitea@reddit.com,Female
7422400781,Phaidra,Thornthwaite,pthornthwaitea@reddit.com,Female
7422400781,Phaidra,Thornthwaite,pthornthwaitea@reddit.com,Female
7422400781,Phaidra,Thornthwaite,pthornthwaitea@reddit.com,Female
7422400781,Phaidra,Thornthwaite,pthornthwaitea@reddit.com,Female
7589827045,Leann,Buncher,lbuncheri@scribd.com,Female
7589827045,Leann,Buncher,lbuncheri@scribd.com,Female
7589827045,Leann,Buncher,lbuncheri@scribd.com,Female
7589827045,Leann,Buncher,lbuncheri@scribd.com,Female
7652775906,Cully,Matyugin,cmatyugin1y@epa.gov,Male
7652775906,Cully,Matyugin,cmatyugin1y@epa.gov,Male
7652775906,Cully,Matyugin,cmatyugin1y@epa.gov,Male
7652775906,Cully,Matyugin,cmatyugin1y@epa.gov,Male
7652775906,Cully,Matyugin,cmatyugin1y@epa.gov,Male
7652775906,Cully,Matyugin,cmatyugin1y@epa.gov,Male
7725887806,Thoma,Kempster,tkempster21@simplemachines.org,Male
7725887806,Thoma,Kempster,tkempster21@simplemachines.org,Male
7725887806,Thoma,Kempster,tkempster21@simplemachines.org,Male
7725887806,Thoma,Kempster,tkempster21@simplemachines.org,Male
7725887806,Thoma,Kempster,tkempster21@simplemachines.org,Male
7725887806,Thoma,Kempster,tkempster21@simplemachines.org,Male
7725887806,Thoma,Kempster,tkempster21@simplemachines.org,Male
7737952055,Koressa,Knowler,kknowler1@auda.org.au,Female
7737952055,Koressa,Knowler,kknowler1@auda.org.au,Female
7737952055,Koressa,Knowler,kknowler1@auda.org.au,Female
7737952055,Koressa,Knowler,kknowler1@auda.org.au,Female
7737952055,Koressa,Knowler,kknowler1@auda.org.au,Female
7737952055,Koressa,Knowler,kknowler1@auda.org.au,Female
7737952055,Koressa,Knowler,kknowler1@auda.org.au,Female
7737952055,Koressa,Knowler,kknowler1@auda.org.au,Female
7737952055,Koressa,Knowler,kknowler1@auda.org.au,Female
7737952055,Koressa,Knowler,kknowler1@auda.org.au,Female
7819264039,Arlin,Bruckner,abruckner2h@nasa.gov,Male
7819264039,Arlin,Bruckner,abruckner2h@nasa.gov,Male
7819264039,Arlin,Bruckner,abruckner2h@nasa.gov,Male
7819264039,Arlin,Bruckner,abruckner2h@nasa.gov,Male
7819264039,Arlin,Bruckner,abruckner2h@nasa.gov,Male
7819264039,Arlin,Bruckner,abruckner2h@nasa.gov,Male
7819264039,Arlin,Bruckner,abruckner2h@nasa.gov,Male
7819264039,Arlin,Bruckner,abruckner2h@nasa.gov,Male
7858016997,Jarid,McEniry,jmceniry1d@angelfire.com,Male
7873382966,Konstanze,Blood,kblood1w@hhs.gov,Female
7873382966,Konstanze,Blood,kblood1w@hhs.gov,Female
7873382966,Konstanze,Blood,kblood1w@hhs.gov,Female
7873382966,Konstanze,Blood,kblood1w@hhs.gov,Female
7873382966,Konstanze,Blood,kblood1w@hhs.gov,Female
7873382966,Konstanze,Blood,kblood1w@hhs.gov,Female
7873382966,Konstanze,Blood,kblood1w@hhs.gov,Female
7873382966,Konstanze,Blood,kblood1w@hhs.gov,Female
7873382966,Konstanze,Blood,kblood1w@hhs.gov,Female
7964176803,Neill,Esser,nesserh@amazon.com,Female
7964176803,Neill,Esser,nesserh@amazon.com,Female
7964176803,Neill,Esser,nesserh@amazon.com,Female
7964176803,Neill,Esser,nesserh@amazon.com,Female
8068530312,Luelle,Barenskie,lbarenskie16@about.me,Male
8068530312,Luelle,Barenskie,lbarenskie16@about.me,Male
8373980261,Renard,Pelchat,rpelchat2p@cdc.gov,Female
8373980261,Renard,Pelchat,rpelchat2p@cdc.gov,Female
8373980261,Renard,Pelchat,rpelchat2p@cdc.gov,Female
8373980261,Renard,Pelchat,rpelchat2p@cdc.gov,Female
8574878405,Margo,Aspinall,maspinall2@symantec.com,Male
8574878405,Margo,Aspinall,maspinall2@symantec.com,Male
8574878405,Margo,Aspinall,maspinall2@symantec.com,Male
8574878405,Margo,Aspinall,maspinall2@symantec.com,Male
8574878405,Margo,Aspinall,maspinall2@symantec.com,Male
8640571546,Carmita,Hiscoke,chiscoke1v@ucsd.edu,Female
8640571546,Carmita,Hiscoke,chiscoke1v@ucsd.edu,Female
8640571546,Carmita,Hiscoke,chiscoke1v@ucsd.edu,Female
8712012858,Lauralee,Britnell,lbritnell28@oaic.gov.au,Female
8712012858,Lauralee,Britnell,lbritnell28@oaic.gov.au,Female
9158606432,Gearard,Laye,glaye2j@oaic.gov.au,Male
9158606432,Gearard,Laye,glaye2j@oaic.gov.au,Male
9488599294,Leonid,Berrey,lberrey2b@123-reg.co.uk,Female
9622621546,Cherise,Pluvier,cpluvier2o@hao123.com,Male
9622621546,Cherise,Pluvier,cpluvier2o@hao123.com,Male
9622621546,Cherise,Pluvier,cpluvier2o@hao123.com,Male
9835876975,Joelynn,De Gregoli,jdegregoli1s@harvard.edu,Female
9835876975,Joelynn,De Gregoli,jdegregoli1s@harvard.edu,Female
9835876975,Joelynn,De Gregoli,jdegregoli1s@harvard.edu,Female
9835876975,Joelynn,De Gregoli,jdegregoli1s@harvard.edu,Female
9835876975,Joelynn,De Gregoli,jdegregoli1s@harvard.edu,Female
9835876975,Joelynn,De Gregoli,jdegregoli1s@harvard.edu,Female
9835876975,Joelynn,De Gregoli,jdegregoli1s@harvard.edu,Female
9835876975,Joelynn,De Gregoli,jdegregoli1s@harvard.edu,Female
9835876975,Joelynn,De Gregoli,jdegregoli1s@harvard.edu,Female